0.829,-1.666
0.751,-1.534
0.673,-1.401
0.595,-1.269
0.516,-1.137
1.18,-1.63
1.102,-1.497
1.024,-1.365
0.946,-1.232
0.868,-1.099
1.438,-1.479
1.36,-1.346
1.282,-1.213
1.204,-1.08
1.125,-0.947
1.046,-0.814
1.641,-1.19
1.563,-1.056
1.484,-0.923
-0.233,-2.277
-0.31,-2.144
-0.388,-2.012
-0.466,-1.88
-0.545,-1.748
-0.623,-1.616
-0.702,-1.484
0.119,-2.241
0.041,-2.108
-0.037,-1.975
-0.115,-1.843
-0.193,-1.71
-0.272,-1.578
-0.351,-1.445
-0.43,-1.313
0.378,-2.09
0.3,-1.957
0.221,-1.824
0.143,-1.691
0.064,-1.558
-0.015,-1.425
-0.094,-1.292
-0.173,-1.159
0.581,-1.801
0.502,-1.667
0.423,-1.533
0.345,-1.4
0.266,-1.267
0.186,-1.134
-3.457,-4.11
-3.534,-3.977
-3.612,-3.845
-3.69,-3.713
-3.768,-3.581
-3.846,-3.449
-3.925,-3.317
-3.104,-4.075
-3.182,-3.942
-3.26,-3.809
-3.338,-3.676
-3.416,-3.543
-3.494,-3.411
-3.573,-3.278
-3.652,-3.146
-3.731,-3.014
-2.845,-3.925
-2.923,-3.791
-3.001,-3.658
-3.079,-3.525
-3.158,-3.391
-3.237,-3.258
-3.315,-3.125
-3.395,-2.993
-3.474,-2.86
-2.641,-3.636
-2.719,-3.502
-2.798,-3.368
-2.877,-3.234
-2.956,-3.101
-3.035,-2.967
-3.115,-2.834
-4.529,-4.719
-4.606,-4.586
-4.684,-4.454
-4.762,-4.322
-4.84,-4.19
-4.918,-4.058
-4.997,-3.926
-4.176,-4.685
-4.254,-4.551
-4.332,-4.418
-4.409,-4.285
-4.488,-4.153
-4.566,-4.02
-4.645,-3.888
-4.723,-3.755
-4.802,-3.623
-3.917,-4.535
-3.994,-4.401
-4.072,-4.268
-4.151,-4.134
-4.229,-4.001
-4.308,-3.868
-4.387,-3.735
-4.466,-3.602
-4.545,-3.469
-3.712,-4.246
-3.79,-4.112
-3.869,-3.978
-3.948,-3.844
-4.027,-3.711
-4.106,-3.577
-4.185,-3.444
1.971,-2.41
1.894,-2.276
1.818,-2.143
1.741,-2.01
1.664,-1.877
1.587,-1.744
1.51,-1.612
2.323,-2.378
2.246,-2.244
2.17,-2.11
2.093,-1.977
2.016,-1.843
1.939,-1.71
1.861,-1.577
1.784,-1.444
1.706,-1.311
2.583,-2.229
2.506,-2.095
2.429,-1.961
2.352,-1.827
2.275,-1.694
2.198,-1.56
2.12,-1.426
2.042,-1.293
1.964,-1.16
2.789,-1.942
2.712,-1.808
2.634,-1.673
2.557,-1.539
2.479,-1.405
0.908,-3.024
0.832,-2.891
0.755,-2.757
0.679,-2.624
0.602,-2.491
0.525,-2.358
0.447,-2.226
1.26,-2.992
1.184,-2.858
1.107,-2.725
1.031,-2.591
0.954,-2.458
0.877,-2.324
0.799,-2.191
0.722,-2.058
0.644,-1.925
1.521,-2.844
1.444,-2.71
1.367,-2.576
1.29,-2.442
1.213,-2.308
1.136,-2.174
1.058,-2.041
0.98,-1.907
0.903,-1.774
1.727,-2.557
1.65,-2.422
1.573,-2.288
1.495,-2.154
1.418,-2.02
1.34,-1.885
1.262,-1.752
-0.169,-3.632
-0.246,-3.499
-0.322,-3.365
-0.398,-3.232
-0.475,-3.099
-0.552,-2.966
-0.629,-2.834
0.183,-3.601
0.107,-3.467
0.03,-3.333
-0.046,-3.199
-0.123,-3.066
-0.2,-2.932
-0.277,-2.799
-0.355,-2.666
-0.432,-2.533
0.444,-3.453
0.367,-3.319
0.291,-3.185
0.214,-3.05
0.137,-2.917
0.059,-2.783
-0.018,-2.649
-0.096,-2.516
-0.174,-2.382
0.65,-3.166
0.574,-3.031
0.496,-2.897
0.419,-2.762
0.341,-2.628
0.264,-2.494
0.186,-2.36
-1.245,-4.244
-1.321,-4.111
-1.397,-3.978
-1.473,-3.845
-1.55,-3.711
-1.627,-3.579
-1.704,-3.446
-0.892,-4.213
-0.968,-4.08
-1.044,-3.946
-1.121,-3.812
-1.198,-3.678
-1.275,-3.545
-1.352,-3.412
-1.429,-3.278
-1.507,-3.145
-0.631,-4.066
-0.707,-3.932
-0.784,-3.797
-0.861,-3.663
-0.938,-3.529
-1.015,-3.395
-1.092,-3.262
-1.17,-3.128
-1.248,-2.995
-0.424,-3.779
-0.501,-3.644
-0.578,-3.51
-0.655,-3.375
-0.732,-3.241
-0.81,-3.107
-0.888,-2.973
-2.316,-4.856
-2.392,-4.723
-2.468,-4.589
-2.544,-4.456
-2.621,-4.323
-2.697,-4.19
-2.774,-4.057
-1.963,-4.826
-2.039,-4.692
-2.115,-4.558
-2.191,-4.424
-2.268,-4.29
-2.345,-4.157
-2.422,-4.023
-2.499,-3.89
-2.576,-3.757
-1.701,-4.679
-1.777,-4.544
-1.854,-4.41
-1.931,-4.276
-2.008,-4.142
-2.085,-4.008
-2.162,-3.874
-2.239,-3.74
-2.317,-3.606
-1.493,-4.392
-1.57,-4.257
-1.647,-4.123
-1.724,-3.988
-1.802,-3.854
-1.879,-3.719
-1.957,-3.585
-3.389,-5.467
-3.464,-5.333
-3.54,-5.2
-3.616,-5.066
-3.693,-4.933
-3.769,-4.8
-3.846,-4.667
-3.035,-5.437
-3.111,-5.303
-3.187,-5.169
-3.263,-5.035
-3.34,-4.901
-3.416,-4.767
-3.493,-4.634
-3.57,-4.5
-3.648,-4.367
-2.773,-5.29
-2.849,-5.156
-2.926,-5.021
-3.002,-4.887
-3.079,-4.753
-3.156,-4.618
-3.233,-4.484
-3.311,-4.351
-3.388,-4.217
-2.565,-5.004
-2.641,-4.869
-2.718,-4.734
-2.795,-4.599
-2.873,-4.465
-2.95,-4.33
-3.028,-4.196
-4.464,-6.075
-4.539,-5.942
-4.615,-5.808
-4.691,-5.675
-4.767,-5.541
-4.843,-5.408
-4.92,-5.275
-4.11,-6.046
-4.185,-5.912
-4.261,-5.778
-4.337,-5.644
-4.414,-5.51
-4.49,-5.376
-4.567,-5.242
-4.644,-5.109
-4.721,-4.975
-3.847,-5.9
-3.923,-5.765
-3.999,-5.631
-4.076,-5.496
-4.152,-5.362
-4.229,-5.228
-4.306,-5.093
-4.384,-4.959
-4.461,-4.826
-3.638,-5.614
-3.715,-5.479
-3.791,-5.344
-3.868,-5.209
-3.945,-5.074
-4.023,-4.94
-4.1,-4.805
3.098,-3.155
3.023,-3.021
2.948,-2.887
2.873,-2.753
2.797,-2.619
2.721,-2.486
2.646,-2.352
3.451,-3.127
3.376,-2.992
3.301,-2.858
3.225,-2.723
3.15,-2.589
3.074,-2.455
2.998,-2.321
2.922,-2.187
2.845,-2.053
3.713,-2.981
3.637,-2.846
3.562,-2.711
3.486,-2.577
3.41,-2.442
3.334,-2.308
3.258,-2.173
3.182,-2.039
3.105,-1.905
3.922,-2.696
3.846,-2.561
3.77,-2.425
3.694,-2.291
3.618,-2.156
3.541,-2.021
3.465,-1.886
2.03,-3.768
1.955,-3.634
1.88,-3.5
1.804,-3.366
1.729,-3.233
1.653,-3.099
1.577,-2.965
2.382,-3.74
2.307,-3.606
2.232,-3.471
2.157,-3.337
2.081,-3.203
2.006,-3.068
1.93,-2.934
1.854,-2.8
1.777,-2.666
2.644,-3.595
2.569,-3.46
2.494,-3.325
2.418,-3.191
2.342,-3.056
2.266,-2.921
2.19,-2.787
2.114,-2.653
2.038,-2.518
2.854,-3.31
2.778,-3.175
2.702,-3.04
2.626,-2.904
2.55,-2.77
2.474,-2.635
2.397,-2.5
0.953,-4.376
0.878,-4.242
0.803,-4.108
0.728,-3.974
0.653,-3.84
0.577,-3.706
0.502,-3.572
1.306,-4.348
1.231,-4.214
1.156,-4.079
1.081,-3.945
1.006,-3.81
0.93,-3.676
0.854,-3.542
0.778,-3.408
0.702,-3.274
1.569,-4.203
1.494,-4.068
1.418,-3.933
1.343,-3.798
1.267,-3.664
1.191,-3.529
1.115,-3.395
1.039,-3.26
0.963,-3.126
1.779,-3.918
1.703,-3.783
1.627,-3.648
1.551,-3.513
1.475,-3.378
1.399,-3.243
1.323,-3.108
-0.113,-4.995
-0.188,-4.861
-0.263,-4.726
-0.338,-4.592
-0.413,-4.458
-0.488,-4.325
-0.564,-4.191
0.24,-4.968
0.165,-4.833
0.091,-4.698
0.016,-4.564
-0.06,-4.429
-0.135,-4.295
-0.211,-4.161
-0.287,-4.027
-0.363,-3.893
0.503,-4.824
0.428,-4.688
0.353,-4.553
0.278,-4.418
0.202,-4.283
0.126,-4.149
0.05,-4.014
-0.026,-3.879
-0.102,-3.745
0.714,-4.539
0.638,-4.403
0.563,-4.268
0.487,-4.133
0.411,-3.997
0.335,-3.862
0.258,-3.727
-1.189,-5.606
-1.263,-5.472
-1.338,-5.337
-1.413,-5.203
-1.487,-5.069
-1.563,-4.935
-1.638,-4.801
-0.835,-5.58
-0.909,-5.445
-0.984,-5.31
-1.059,-5.175
-1.134,-5.041
-1.209,-4.906
-1.285,-4.772
-1.36,-4.637
-1.436,-4.503
-0.571,-5.436
-0.646,-5.3
-0.721,-5.165
-0.796,-5.03
-0.872,-4.895
-0.947,-4.76
-1.023,-4.625
-1.099,-4.491
-1.175,-4.356
-0.36,-5.152
-0.435,-5.016
-0.511,-4.88
-0.586,-4.745
-0.662,-4.609
-0.738,-4.474
-0.815,-4.339
-2.262,-6.218
-2.336,-6.084
-2.411,-5.949
-2.485,-5.815
-2.56,-5.681
-2.635,-5.547
-2.71,-5.413
-1.908,-6.193
-1.982,-6.058
-2.056,-5.923
-2.131,-5.788
-2.206,-5.653
-2.281,-5.519
-2.356,-5.384
-2.432,-5.25
-2.508,-5.116
-1.644,-6.05
-1.718,-5.914
-1.793,-5.779
-1.868,-5.643
-1.943,-5.508
-2.019,-5.373
-2.094,-5.238
-2.17,-5.103
-2.246,-4.969
-1.431,-5.766
-1.507,-5.63
-1.582,-5.494
-1.657,-5.359
-1.733,-5.223
-1.809,-5.088
-1.885,-4.952
-3.338,-6.828
-3.412,-6.694
-3.486,-6.559
-3.56,-6.425
-3.635,-6.291
-3.71,-6.156
-3.785,-6.022
-2.983,-6.804
-3.057,-6.669
-3.131,-6.533
-3.206,-6.398
-3.281,-6.264
-3.355,-6.129
-3.431,-5.994
-3.506,-5.86
-3.581,-5.725
-2.718,-6.661
-2.793,-6.525
-2.867,-6.39
-2.942,-6.254
-3.017,-6.119
-3.092,-5.984
-3.168,-5.849
-3.243,-5.714
-3.319,-5.579
-2.505,-6.378
-2.58,-6.242
-2.655,-6.106
-2.731,-5.97
-2.806,-5.834
-2.882,-5.699
-2.958,-5.563
4.213,-3.907
4.14,-3.773
4.066,-3.638
3.991,-3.503
3.917,-3.369
3.843,-3.234
3.768,-3.1
4.567,-3.882
4.493,-3.747
4.419,-3.612
4.344,-3.477
4.27,-3.342
4.195,-3.207
4.121,-3.072
4.046,-2.938
3.971,-2.803
4.83,-3.739
4.756,-3.604
4.681,-3.468
4.607,-3.333
4.532,-3.198
4.458,-3.062
4.383,-2.927
4.308,-2.792
4.232,-2.657
5.042,-3.456
4.967,-3.32
4.893,-3.184
4.818,-3.049
4.743,-2.913
4.668,-2.778
4.592,-2.642
3.139,-4.513
3.066,-4.378
2.992,-4.244
2.918,-4.109
2.844,-3.974
2.769,-3.84
2.695,-3.706
3.493,-4.489
3.419,-4.353
3.345,-4.218
3.271,-4.083
3.197,-3.948
3.122,-3.813
3.048,-3.678
2.973,-3.544
2.898,-3.409
3.756,-4.346
3.682,-4.21
3.608,-4.075
3.534,-3.939
3.459,-3.804
3.385,-3.669
3.31,-3.533
3.235,-3.398
3.16,-3.263
3.969,-4.063
3.894,-3.927
3.82,-3.791
3.745,-3.655
3.67,-3.52
3.595,-3.384
3.52,-3.249
2.067,-5.124
1.993,-4.989
1.92,-4.854
1.846,-4.719
1.772,-4.585
1.698,-4.45
1.623,-4.316
2.421,-5.1
2.347,-4.965
2.273,-4.829
2.199,-4.694
2.125,-4.559
2.051,-4.424
1.977,-4.289
1.902,-4.154
1.827,-4.019
2.685,-4.958
2.611,-4.822
2.537,-4.686
2.463,-4.551
2.388,-4.415
2.314,-4.28
2.239,-4.144
2.164,-4.009
2.089,-3.874
2.898,-4.675
2.824,-4.539
2.749,-4.403
2.675,-4.267
2.6,-4.131
2.525,-3.996
2.45,-3.86
0.995,-5.739
0.922,-5.604
0.849,-5.469
0.775,-5.334
0.701,-5.199
0.627,-5.064
0.553,-4.93
1.35,-5.716
1.276,-5.58
1.203,-5.445
1.129,-5.309
1.055,-5.174
0.981,-5.039
0.907,-4.904
0.832,-4.769
0.758,-4.634
1.614,-5.574
1.541,-5.438
1.467,-5.302
1.393,-5.166
1.319,-5.031
1.245,-4.895
1.17,-4.76
1.095,-4.624
1.02,-4.489
1.828,-5.292
1.754,-5.155
1.68,-5.019
1.606,-4.883
1.531,-4.747
1.456,-4.611
1.381,-4.475
5.323,-4.662
5.25,-4.527
5.178,-4.392
5.105,-4.256
5.031,-4.121
4.958,-3.986
4.885,-3.851
5.677,-4.641
5.604,-4.505
5.531,-4.369
5.458,-4.233
5.385,-4.098
5.311,-3.962
5.238,-3.827
5.164,-3.691
5.09,-3.556
5.942,-4.5
5.869,-4.364
5.795,-4.228
5.722,-4.092
5.649,-3.956
5.575,-3.82
5.501,-3.684
5.428,-3.548
5.354,-3.413
6.156,-4.218
6.083,-4.082
6.009,-3.946
5.936,-3.809
5.862,-3.673
5.788,-3.537
5.714,-3.401
4.249,-5.271
4.177,-5.136
4.104,-5.0
4.031,-4.865
3.958,-4.73
3.885,-4.595
3.812,-4.459
4.603,-5.25
4.531,-5.114
4.458,-4.978
4.385,-4.842
4.312,-4.707
4.239,-4.571
4.166,-4.436
4.092,-4.3
4.018,-4.165
4.869,-5.11
4.796,-4.974
4.723,-4.837
4.65,-4.701
4.576,-4.565
4.503,-4.429
4.429,-4.293
4.356,-4.157
4.282,-4.022
5.084,-4.829
5.011,-4.692
4.937,-4.556
4.864,-4.419
4.79,-4.283
4.716,-4.147
4.642,-4.011
3.171,-5.875
3.099,-5.739
3.027,-5.604
2.954,-5.468
2.881,-5.333
2.808,-5.197
2.735,-5.062
3.526,-5.855
3.453,-5.718
3.381,-5.582
3.308,-5.446
3.235,-5.31
3.162,-5.175
3.089,-5.039
3.016,-4.903
2.942,-4.768
3.792,-5.715
3.719,-5.578
3.646,-5.442
3.573,-5.306
3.5,-5.169
3.427,-5.033
3.354,-4.897
3.28,-4.761
3.206,-4.625
4.008,-5.434
3.935,-5.297
3.861,-5.161
3.788,-5.024
3.715,-4.888
3.641,-4.751
3.567,-4.615
2.096,-6.486
2.024,-6.35
1.952,-6.214
1.879,-6.078
1.807,-5.943
1.734,-5.807
1.661,-5.672
2.451,-6.466
2.379,-6.33
2.306,-6.193
2.234,-6.057
2.161,-5.921
2.089,-5.785
2.016,-5.65
1.942,-5.514
1.869,-5.378
2.717,-6.327
2.645,-6.19
2.572,-6.054
2.5,-5.917
2.427,-5.781
2.354,-5.644
2.281,-5.508
2.207,-5.372
2.134,-5.236
2.934,-6.047
2.861,-5.91
2.788,-5.773
2.715,-5.636
2.642,-5.499
2.569,-5.363
2.495,-5.226
1.022,-7.103
0.951,-6.967
0.879,-6.831
0.807,-6.695
0.735,-6.559
0.662,-6.424
0.59,-6.288
1.378,-7.084
1.306,-6.948
1.234,-6.811
1.162,-6.675
1.09,-6.539
1.017,-6.403
0.944,-6.267
0.871,-6.131
0.798,-5.995
1.645,-6.946
1.573,-6.809
1.501,-6.672
1.428,-6.536
1.356,-6.399
1.283,-6.262
1.21,-6.126
1.137,-5.99
1.063,-5.854
1.863,-6.666
1.79,-6.529
1.718,-6.392
1.645,-6.255
1.572,-6.118
1.499,-5.981
1.425,-5.844
8.608,-4.271
8.536,-4.135
8.464,-3.999
8.391,-3.864
8.319,-3.728
8.247,-3.592
8.174,-3.457
8.961,-4.251
8.889,-4.115
8.817,-3.979
8.745,-3.843
8.672,-3.706
8.6,-3.57
8.527,-3.435
8.454,-3.299
8.381,-3.163
9.227,-4.112
9.155,-3.975
9.082,-3.839
9.01,-3.702
8.937,-3.566
8.864,-3.43
8.792,-3.294
8.719,-3.157
8.645,-3.021
9.443,-3.832
9.37,-3.695
9.298,-3.558
9.225,-3.421
9.152,-3.285
9.079,-3.148
9.006,-3.012
7.522,-4.858
7.451,-4.722
7.379,-4.586
7.307,-4.45
7.235,-4.314
7.162,-4.179
7.09,-4.043
7.876,-4.839
7.805,-4.702
7.733,-4.566
7.661,-4.43
7.588,-4.293
7.516,-4.157
7.443,-4.021
7.371,-3.885
7.298,-3.75
8.142,-4.7
8.07,-4.563
7.998,-4.426
7.926,-4.29
7.853,-4.153
7.781,-4.017
7.708,-3.881
7.635,-3.744
7.562,-3.608
8.359,-4.42
8.287,-4.283
8.214,-4.146
8.141,-4.009
8.068,-3.872
7.996,-3.736
7.922,-3.599
6.435,-5.443
6.364,-5.307
6.292,-5.171
6.22,-5.035
6.148,-4.899
6.076,-4.763
6.004,-4.628
6.79,-5.424
6.718,-5.288
6.646,-5.151
6.574,-5.015
6.502,-4.879
6.43,-4.742
6.358,-4.606
6.285,-4.47
6.212,-4.334
7.056,-5.286
6.984,-5.149
6.912,-5.012
6.84,-4.876
6.768,-4.739
6.695,-4.602
6.623,-4.466
6.55,-4.33
6.477,-4.193
7.273,-5.006
7.201,-4.869
7.129,-4.732
7.056,-4.595
6.983,-4.458
6.911,-4.322
6.838,-4.185
5.346,-6.026
5.275,-5.89
5.203,-5.754
5.132,-5.618
5.06,-5.482
4.988,-5.346
4.916,-5.21
5.701,-6.008
5.629,-5.871
5.558,-5.735
5.486,-5.598
5.414,-5.462
5.342,-5.326
5.27,-5.189
5.198,-5.053
5.125,-4.917
5.968,-5.87
5.896,-5.733
5.824,-5.596
5.752,-5.459
5.68,-5.323
5.608,-5.186
5.535,-5.05
5.463,-4.913
5.39,-4.777
6.186,-5.591
6.114,-5.454
6.042,-5.316
5.969,-5.179
5.897,-5.042
5.824,-4.906
5.751,-4.769
4.27,-6.636
4.199,-6.5
4.128,-6.364
4.056,-6.227
3.985,-6.091
3.913,-5.955
3.841,-5.819
4.625,-6.619
4.554,-6.482
4.482,-6.346
4.411,-6.209
4.339,-6.072
4.268,-5.936
4.196,-5.8
4.123,-5.663
4.051,-5.527
4.893,-6.482
4.821,-6.345
4.75,-6.208
4.678,-6.071
4.606,-5.934
4.534,-5.797
4.462,-5.66
4.389,-5.524
4.317,-5.387
5.111,-6.203
5.04,-6.066
4.968,-5.928
4.895,-5.791
4.823,-5.654
4.751,-5.517
4.678,-5.38
3.187,-7.237
3.116,-7.1
3.045,-6.964
2.974,-6.828
2.903,-6.691
2.832,-6.555
2.76,-6.419
3.543,-7.221
3.472,-7.084
3.401,-6.947
3.33,-6.81
3.258,-6.673
3.187,-6.537
3.115,-6.4
3.043,-6.264
2.971,-6.127
3.811,-7.084
3.74,-6.947
3.669,-6.81
3.597,-6.672
3.525,-6.535
3.454,-6.398
3.382,-6.261
3.309,-6.125
3.237,-5.988
4.031,-6.806
3.959,-6.668
3.888,-6.531
3.816,-6.393
3.744,-6.256
3.671,-6.119
3.599,-5.981
1.883,-1.042
1.805,-0.91
1.727,-0.778
1.649,-0.646
1.571,-0.513
1.492,-0.382
1.413,-0.25
2.235,-1.006
2.157,-0.873
2.079,-0.741
2.0,-0.608
1.922,-0.475
1.843,-0.343
1.764,-0.211
1.685,-0.078
1.606,0.054
2.493,-0.855
2.415,-0.722
2.336,-0.589
2.258,-0.456
2.179,-0.323
2.1,-0.19
2.021,-0.057
1.942,0.075
1.863,0.208
2.696,-0.565
2.617,-0.432
2.538,-0.299
2.459,-0.165
2.38,-0.032
2.301,0.101
2.222,0.234
-1.308,-2.891
-1.385,-2.759
-1.463,-2.627
-1.541,-2.494
-1.62,-2.362
-0.956,-2.856
-1.034,-2.723
-1.112,-2.59
-1.19,-2.457
-1.268,-2.325
-1.347,-2.192
-1.425,-2.06
-1.504,-1.928
-0.697,-2.705
-0.775,-2.572
-0.853,-2.439
-0.932,-2.305
-1.01,-2.172
-1.089,-2.039
-1.168,-1.907
-1.247,-1.774
-1.327,-1.642
-0.494,-2.416
-0.572,-2.282
-0.651,-2.148
-0.73,-2.015
-0.809,-1.882
-0.888,-1.748
-0.968,-1.615
-2.386,-3.5
-2.463,-3.367
-2.541,-3.235
-2.619,-3.103
-2.697,-2.971
-2.776,-2.839
-2.854,-2.707
-2.034,-3.464
-2.111,-3.331
-2.189,-3.199
-2.267,-3.066
-2.345,-2.933
-2.424,-2.801
-2.503,-2.668
-2.582,-2.536
-2.661,-2.404
-1.775,-3.314
-1.852,-3.181
-1.931,-3.047
-2.009,-2.914
-2.088,-2.781
-2.166,-2.648
-2.245,-2.515
-2.325,-2.383
-1.571,-3.025
-1.649,-2.891
-1.728,-2.757
-1.807,-2.624
-5.541,-6.682
-5.616,-6.548
-5.692,-6.414
-5.768,-6.281
-5.843,-6.147
-5.92,-6.014
-5.996,-5.881
-5.187,-6.654
-5.262,-6.519
-5.338,-6.385
-5.414,-6.251
-5.49,-6.116
-5.566,-5.983
-5.643,-5.849
-5.719,-5.715
-5.796,-5.582
-4.923,-6.508
-4.999,-6.373
-5.075,-6.238
-5.151,-6.104
-5.228,-5.969
-5.305,-5.835
-5.381,-5.7
-5.459,-5.566
-5.536,-5.432
-4.713,-6.223
-4.79,-6.087
-4.866,-5.952
-4.943,-5.817
-5.02,-5.682
-5.097,-5.547
-5.175,-5.413
-4.417,-7.436
-4.49,-7.301
-4.564,-7.166
-4.638,-7.032
-4.713,-6.897
-4.787,-6.763
-4.862,-6.629
-4.061,-7.412
-4.135,-7.277
-4.209,-7.141
-4.283,-7.006
-4.358,-6.871
-4.432,-6.736
-4.507,-6.601
-4.582,-6.467
-4.658,-6.332
-3.796,-7.27
-3.87,-7.134
-3.944,-6.998
-4.019,-6.863
-4.094,-6.727
-4.169,-6.592
-4.244,-6.457
-4.319,-6.322
-4.395,-6.187
-3.582,-6.987
-3.657,-6.851
-3.731,-6.715
-3.807,-6.579
-3.882,-6.443
-3.957,-6.307
-4.033,-6.172
8.577,-2.906
8.504,-2.77
8.431,-2.635
8.357,-2.5
8.284,-2.365
8.21,-2.23
8.137,-2.095
8.93,-2.882
8.857,-2.747
8.784,-2.611
8.71,-2.476
8.637,-2.34
8.563,-2.205
8.489,-2.07
8.415,-1.934
8.341,-1.799
9.194,-2.741
9.12,-2.605
9.047,-2.469
8.973,-2.333
8.9,-2.197
8.826,-2.062
8.752,-1.926
8.678,-1.791
8.603,-1.655
9.407,-2.459
9.333,-2.322
9.26,-2.186
9.186,-2.05
9.112,-1.914
9.038,-1.778
8.963,-1.643
7.494,-3.492
7.421,-3.357
7.348,-3.222
7.274,-3.087
7.201,-2.951
7.127,-2.816
7.054,-2.682
7.847,-3.47
7.774,-3.334
7.701,-3.198
7.627,-3.063
7.554,-2.927
7.48,-2.792
7.407,-2.656
7.333,-2.521
7.259,-2.386
8.111,-3.328
8.038,-3.192
7.964,-3.056
7.891,-2.92
7.817,-2.785
7.743,-2.649
7.67,-2.513
7.595,-2.378
7.521,-2.242
8.325,-3.046
8.251,-2.91
8.177,-2.774
8.103,-2.638
8.03,-2.502
7.955,-2.366
7.881,-2.23
6.409,-4.078
6.336,-3.943
6.263,-3.807
6.19,-3.672
6.117,-3.537
6.044,-3.402
5.97,-3.267
6.763,-4.056
6.69,-3.92
6.617,-3.784
6.543,-3.649
6.47,-3.513
6.397,-3.378
6.323,-3.242
6.249,-3.107
6.175,-2.972
7.027,-3.915
6.954,-3.779
6.881,-3.642
6.807,-3.507
6.734,-3.371
6.66,-3.235
6.586,-3.099
6.512,-2.964
6.438,-2.828
7.241,-3.633
7.168,-3.496
7.094,-3.36
7.02,-3.224
6.946,-3.088
6.872,-2.952
6.798,-2.816
-0.053,-7.72
-0.124,-7.584
-0.196,-7.448
-0.267,-7.312
-0.339,-7.176
-0.411,-7.04
-0.484,-6.904
0.303,-7.702
0.232,-7.565
0.16,-7.429
0.088,-7.292
0.016,-7.156
-0.056,-7.02
-0.128,-6.884
-0.201,-6.747
-0.274,-6.612
0.571,-7.565
0.499,-7.428
0.428,-7.291
0.355,-7.154
0.283,-7.017
0.211,-6.88
0.138,-6.744
0.065,-6.607
-0.008,-6.471
0.79,-7.286
0.718,-7.148
0.646,-7.011
0.573,-6.874
0.5,-6.736
0.427,-6.599
0.354,-6.463
-1.133,-8.33
-1.204,-8.194
-1.275,-8.057
-1.347,-7.921
-1.418,-7.785
-1.49,-7.649
-1.562,-7.514
-0.777,-8.314
-0.848,-8.177
-0.919,-8.04
-0.991,-7.903
-1.062,-7.766
-1.134,-7.63
-1.206,-7.494
-1.279,-7.357
-1.351,-7.221
-0.508,-8.177
-0.579,-8.04
-0.651,-7.902
-0.723,-7.765
-0.795,-7.628
-0.867,-7.491
-0.939,-7.354
-1.012,-7.218
-1.085,-7.081
-0.288,-7.899
-0.359,-7.761
-0.432,-7.623
-0.504,-7.486
-0.577,-7.348
-0.649,-7.211
-0.722,-7.074
9.713,-7.777
9.644,-7.639
9.575,-7.502
9.506,-7.364
9.437,-7.226
9.368,-7.089
9.298,-6.952
10.069,-7.766
10.0,-7.628
9.931,-7.49
9.862,-7.352
9.793,-7.214
9.723,-7.076
9.654,-6.939
9.584,-6.801
9.515,-6.663
10.34,-7.634
10.271,-7.495
10.202,-7.357
10.132,-7.219
10.063,-7.08
9.993,-6.942
9.923,-6.804
9.853,-6.666
9.783,-6.529
10.564,-7.359
10.495,-7.22
10.425,-7.082
10.355,-6.943
10.286,-6.805
10.216,-6.666
10.146,-6.528
-0.075,-6.357
-0.148,-6.222
-0.221,-6.087
-0.295,-5.952
-0.368,-5.817
-0.442,-5.682
-0.516,-5.548
0.279,-6.335
0.206,-6.199
0.133,-6.064
0.06,-5.928
-0.014,-5.793
-0.088,-5.657
-0.162,-5.522
-0.236,-5.387
-0.311,-5.252
0.545,-6.194
0.472,-6.058
0.398,-5.922
0.324,-5.786
0.25,-5.65
0.176,-5.514
0.102,-5.379
0.027,-5.243
-0.047,-5.108
0.76,-5.912
0.686,-5.776
0.612,-5.639
0.538,-5.503
0.463,-5.367
0.389,-5.231
0.314,-5.095
5.286,-3.3
5.212,-3.165
5.138,-3.031
5.063,-2.896
4.989,-2.762
4.914,-2.627
4.84,-2.493
5.639,-3.275
5.565,-3.139
5.491,-3.004
5.416,-2.869
5.342,-2.734
5.267,-2.6
5.192,-2.465
5.117,-2.33
5.042,-2.196
5.902,-3.131
5.827,-2.996
5.753,-2.86
5.679,-2.725
5.604,-2.59
5.529,-2.455
5.454,-2.32
5.379,-2.185
5.303,-2.05
6.113,-2.847
6.039,-2.712
5.964,-2.576
5.889,-2.441
5.814,-2.305
5.739,-2.17
5.663,-2.034
-1.152,-6.967
-1.225,-6.832
-1.298,-6.696
-1.371,-6.561
-1.444,-6.426
-1.517,-6.291
-1.591,-6.156
-0.797,-6.946
-0.87,-6.81
-0.943,-6.674
-1.016,-6.538
-1.089,-6.402
-1.163,-6.267
-1.237,-6.132
-1.311,-5.996
-1.385,-5.861
-0.531,-6.805
-0.604,-6.669
-0.677,-6.533
-0.751,-6.396
-0.824,-6.26
-0.898,-6.125
-0.972,-5.989
-1.047,-5.853
-1.121,-5.717
-0.315,-6.524
-0.389,-6.387
-0.462,-6.251
-0.536,-6.114
-0.611,-5.978
-0.685,-5.841
-0.76,-5.705
-2.229,-7.58
-2.301,-7.444
-2.374,-7.309
-2.446,-7.173
-2.519,-7.038
-2.593,-6.903
-2.666,-6.768
-1.873,-7.559
-1.945,-7.423
-2.018,-7.287
-2.091,-7.151
-2.164,-7.015
-2.238,-6.88
-2.311,-6.744
-2.385,-6.609
-2.459,-6.473
-1.606,-7.42
-1.679,-7.283
-1.752,-7.147
-1.825,-7.01
-1.899,-6.874
-1.972,-6.738
-2.046,-6.602
-2.12,-6.466
-2.195,-6.33
-1.389,-7.139
-1.463,-7.002
-1.536,-6.865
-1.61,-6.728
-1.684,-6.592
-1.758,-6.455
-1.833,-6.319
-5.603,-5.327
-5.68,-5.195
-5.758,-5.062
-5.835,-4.93
-5.913,-4.798
-5.991,-4.665
-6.07,-4.534
-5.25,-5.293
-5.327,-5.16
-5.405,-5.027
-5.483,-4.894
-5.561,-4.761
-5.639,-4.628
-5.717,-4.496
-5.796,-4.363
-5.875,-4.231
-4.99,-5.144
-5.067,-5.01
-5.145,-4.877
-5.223,-4.743
-5.302,-4.61
-5.38,-4.477
-5.459,-4.343
-5.538,-4.211
-5.617,-4.078
-4.785,-4.855
-4.863,-4.721
-4.941,-4.587
-5.02,-4.453
-5.099,-4.32
-5.178,-4.186
-5.257,-4.053
-6.68,-5.931
-6.757,-5.799
-6.835,-5.666
-6.912,-5.534
-6.99,-5.401
-7.068,-5.269
-7.146,-5.137
-6.327,-5.898
-6.404,-5.765
-6.481,-5.631
-6.559,-5.498
-6.637,-5.365
-6.715,-5.233
-6.793,-5.1
-6.872,-4.967
-6.951,-4.835
-6.066,-5.749
-6.144,-5.615
-6.221,-5.481
-6.299,-5.348
-6.378,-5.214
-6.456,-5.081
-6.535,-4.948
-6.614,-4.815
-6.693,-4.682
-5.86,-5.461
-5.939,-5.326
-6.017,-5.192
-6.095,-5.058
-6.174,-4.924
-6.253,-4.791
-6.333,-4.657
-4.605,-3.38
-4.684,-3.248
-4.764,-3.117
-4.843,-2.986
-4.923,-2.855
-5.003,-2.724
-5.083,-2.593
-4.254,-3.34
-4.333,-3.208
-4.412,-3.076
-4.492,-2.944
-4.572,-2.813
-4.652,-2.681
-4.732,-2.55
-4.813,-2.419
-4.894,-2.287
-3.996,-3.187
-4.076,-3.054
-4.156,-2.922
-4.236,-2.79
-4.316,-2.657
-4.396,-2.525
-4.477,-2.394
-4.558,-2.262
-4.639,-2.13
-3.796,-2.895
-3.876,-2.762
-3.957,-2.629
-4.037,-2.497
-4.118,-2.364
-4.199,-2.232
-4.28,-2.1
-5.677,-3.989
-5.756,-3.857
-5.835,-3.726
-5.915,-3.595
-5.995,-3.464
-6.075,-3.333
-6.155,-3.202
-5.325,-3.95
-5.404,-3.817
-5.484,-3.686
-5.563,-3.554
-5.643,-3.422
-5.723,-3.29
-5.804,-3.159
-5.884,-3.028
-5.965,-2.897
-5.068,-3.796
-5.147,-3.664
-5.227,-3.531
-5.307,-3.399
-5.387,-3.267
-5.467,-3.135
-5.548,-3.003
-5.629,-2.871
-5.71,-2.74
-4.867,-3.505
-4.947,-3.372
-5.028,-3.239
-5.108,-3.106
-5.189,-2.974
-5.27,-2.841
-5.351,-2.709
-6.751,-4.595
-6.83,-4.463
-6.91,-4.332
-6.989,-4.201
-7.069,-4.069
-7.149,-3.939
-7.229,-3.808
-6.399,-4.556
-6.478,-4.424
-6.558,-4.292
-6.637,-4.16
-6.717,-4.028
-6.797,-3.896
-6.877,-3.765
-6.958,-3.634
-7.039,-3.503
-6.141,-4.403
-6.221,-4.27
-6.3,-4.138
-6.38,-4.005
-6.461,-3.873
-6.541,-3.741
-6.622,-3.609
-6.702,-3.477
-6.784,-3.346
-5.941,-4.111
-6.021,-3.978
-6.101,-3.845
-6.181,-3.713
-6.262,-3.58
-6.343,-3.448
-6.424,-3.315
-7.829,-5.197
-7.907,-5.066
-7.987,-4.934
-8.066,-4.803
-8.146,-4.672
-8.225,-4.541
-8.305,-4.41
-7.476,-5.159
-7.555,-5.027
-7.634,-4.895
-7.714,-4.763
-7.794,-4.631
-7.874,-4.499
-7.954,-4.368
-8.034,-4.236
-8.115,-4.105
-7.218,-5.006
-7.297,-4.874
-7.377,-4.741
-7.457,-4.608
-7.537,-4.476
-7.617,-4.344
-7.698,-4.212
-7.779,-4.08
-7.86,-3.948
-7.017,-4.715
-7.097,-4.582
-7.177,-4.449
-7.257,-4.316
-7.338,-4.183
-7.419,-4.051
-7.5,-3.918
-5.763,-2.664
-5.844,-2.534
-5.925,-2.403
-6.006,-2.273
-6.088,-2.143
-6.17,-2.014
-6.252,-1.884
-5.412,-2.62
-5.493,-2.489
-5.574,-2.358
-5.656,-2.227
-5.738,-2.097
-5.819,-1.966
-5.902,-1.836
-5.984,-1.706
-6.067,-1.576
-5.157,-2.463
-5.239,-2.331
-5.32,-2.2
-5.402,-2.069
-5.484,-1.938
-5.566,-1.807
-5.649,-1.676
-5.731,-1.546
-5.814,-1.415
-4.961,-2.168
-5.043,-2.036
-5.125,-1.905
-5.208,-1.773
-5.29,-1.642
-5.373,-1.511
-5.456,-1.38
-6.834,-3.274
-6.915,-3.144
-6.996,-3.013
-7.077,-2.883
-7.159,-2.753
-7.241,-2.624
-7.323,-2.494
-6.483,-3.23
-6.564,-3.099
-6.645,-2.968
-6.727,-2.837
-6.808,-2.707
-6.89,-2.576
-6.972,-2.446
-7.055,-2.316
-7.138,-2.186
-6.228,-3.073
-6.309,-2.941
-6.391,-2.81
-6.473,-2.679
-6.555,-2.548
-6.637,-2.417
-6.719,-2.286
-6.802,-2.156
-6.885,-2.025
-6.032,-2.778
-6.114,-2.647
-6.196,-2.515
-6.278,-2.383
-6.361,-2.252
-6.444,-2.121
-6.527,-1.99
0.179,2.182
0.096,2.312
0.014,2.441
-0.069,2.571
-0.152,2.7
-0.235,2.829
-0.318,2.958
0.529,2.23
0.446,2.36
0.364,2.49
0.281,2.62
0.198,2.75
0.115,2.879
0.032,3.009
-0.052,3.139
-0.136,3.268
0.782,2.389
0.699,2.52
0.617,2.65
0.534,2.781
0.451,2.911
0.367,3.041
0.284,3.171
0.2,3.301
0.116,3.43
0.975,2.686
0.892,2.816
0.809,2.947
0.726,3.078
0.642,3.208
0.558,3.339
0.474,3.469
-1.188,2.757
-1.272,2.885
-1.356,3.014
-1.441,3.142
-1.525,3.27
-1.61,3.399
-1.695,3.527
-0.838,2.809
-0.922,2.938
-1.007,3.067
-1.091,3.196
-1.176,3.325
-1.26,3.453
-1.345,3.582
-1.431,3.71
-1.516,3.839
-0.587,2.971
-0.671,3.101
-0.756,3.23
-0.84,3.36
-0.925,3.489
-1.01,3.618
-1.095,3.747
-1.181,3.876
-1.267,4.004
-0.397,3.27
-0.482,3.4
-0.567,3.53
-0.652,3.659
-0.737,3.789
-0.823,3.918
-0.908,4.047
-2.217,2.081
-2.301,2.209
-2.386,2.338
-2.47,2.466
-2.555,2.594
-2.639,2.722
-2.724,2.85
-1.868,2.133
-1.952,2.262
-2.036,2.391
-2.121,2.52
-2.205,2.649
-2.29,2.777
-2.375,2.906
-2.46,3.034
-2.546,3.162
-1.617,2.296
-1.701,2.425
-1.785,2.555
-1.87,2.684
-1.955,2.813
-2.04,2.942
-2.125,3.071
-2.211,3.199
-2.297,3.328
-1.427,2.595
-1.512,2.724
-1.597,2.854
-1.682,2.984
-1.768,3.113
-1.853,3.242
-1.939,3.371
-2.372,3.431
-2.457,3.558
-2.543,3.686
-2.629,3.813
-2.716,3.94
-2.802,4.067
-2.889,4.194
-2.022,3.487
-2.108,3.615
-2.194,3.743
-2.28,3.871
-2.366,3.999
-2.453,4.126
-2.54,4.254
-2.627,4.381
-2.714,4.508
-1.773,3.653
-1.859,3.782
-1.945,3.91
-2.031,4.038
-2.118,4.166
-2.205,4.294
-2.292,4.422
-2.379,4.55
-2.466,4.677
-1.587,3.954
-1.673,4.083
-1.76,4.211
-1.847,4.34
-1.934,4.468
-2.021,4.597
-2.108,4.725
-3.401,2.753
-3.486,2.881
-3.572,3.008
-3.658,3.135
-3.745,3.262
-3.831,3.389
-3.918,3.516
-3.052,2.81
-3.137,2.938
-3.223,3.066
-3.31,3.194
-3.396,3.321
-3.483,3.449
-3.569,3.576
-3.657,3.703
-3.744,3.83
-2.803,2.976
-2.889,3.105
-2.975,3.233
-3.061,3.361
-3.148,3.489
-3.235,3.617
-3.322,3.745
-3.409,3.872
-3.497,4.0
-2.617,3.278
-2.704,3.406
-2.79,3.535
-2.877,3.663
-2.964,3.792
-3.052,3.92
-3.139,4.048
-3.321,5.021
-3.409,5.147
-3.498,5.273
-3.587,5.399
-3.676,5.524
-3.765,5.649
-3.854,5.775
-2.972,5.085
-3.061,5.211
-3.149,5.337
-3.238,5.463
-3.327,5.59
-3.416,5.715
-3.505,5.841
-3.595,5.967
-3.685,6.092
-2.725,5.255
-2.814,5.382
-2.903,5.509
-2.992,5.635
-3.081,5.762
-3.17,5.888
-3.26,6.014
-3.35,6.14
-3.44,6.266
-2.545,5.56
-2.634,5.687
-2.723,5.814
-2.812,5.941
-2.902,6.067
-2.992,6.194
-3.082,6.32
-4.33,4.312
-4.419,4.438
-4.507,4.564
-4.596,4.689
-4.685,4.815
-4.774,4.94
-4.864,5.065
-3.982,4.376
-4.07,4.502
-4.159,4.629
-4.248,4.755
-4.337,4.881
-4.426,5.006
-4.516,5.132
-4.605,5.257
-4.695,5.383
-3.736,4.547
-3.824,4.674
-3.913,4.8
-4.002,4.927
-4.091,5.053
-4.181,5.179
-4.271,5.305
-4.361,5.431
-4.451,5.557
-3.556,4.852
-3.645,4.979
-3.734,5.106
-3.824,5.232
-3.913,5.359
-4.003,5.485
-4.094,5.612
-0.128,4.789
-0.214,4.917
-0.299,5.044
-0.385,5.172
-0.471,5.3
-0.557,5.427
-0.643,5.554
0.222,4.844
0.137,4.972
0.051,5.101
-0.035,5.229
-0.121,5.357
-0.207,5.485
-0.293,5.613
-0.38,5.74
-0.467,5.868
0.472,5.009
0.387,5.138
0.301,5.266
0.215,5.395
0.129,5.523
0.043,5.652
-0.044,5.78
-0.131,5.908
-0.218,6.036
0.66,5.309
0.574,5.438
0.488,5.567
0.402,5.696
0.315,5.825
0.228,5.953
0.141,6.082
4.28,4.935
4.198,5.065
4.115,5.195
4.033,5.325
3.95,5.455
3.867,5.585
3.784,5.714
4.631,4.982
4.549,5.112
4.467,5.243
4.384,5.373
4.301,5.503
4.219,5.633
4.135,5.763
4.052,5.893
3.969,6.023
4.886,5.141
4.803,5.271
4.721,5.402
4.638,5.533
4.555,5.663
4.472,5.794
4.389,5.924
4.306,6.054
4.222,6.184
5.081,5.436
4.998,5.567
4.915,5.698
4.832,5.829
4.749,5.96
4.666,6.09
4.582,6.221
3.237,4.276
3.155,4.406
3.073,4.536
2.99,4.666
2.907,4.795
2.824,4.925
2.741,5.054
3.588,4.323
3.506,4.454
3.424,4.584
3.341,4.714
3.258,4.844
3.175,4.974
3.092,5.104
3.008,5.234
2.925,5.363
3.843,4.482
3.76,4.613
3.677,4.744
3.595,4.874
3.512,5.004
3.428,5.135
3.345,5.265
3.261,5.395
3.178,5.525
4.037,4.778
3.954,4.909
3.871,5.04
3.788,5.171
3.704,5.301
3.621,5.432
3.537,5.562
5.444,4.234
5.363,4.365
5.282,4.496
5.201,4.627
5.119,4.757
5.038,4.888
4.956,5.018
5.795,4.277
5.714,4.409
5.633,4.54
5.552,4.671
5.471,4.802
5.39,4.933
5.308,5.064
5.226,5.195
5.144,5.325
6.051,4.433
5.97,4.565
5.889,4.697
5.808,4.828
5.726,4.959
5.645,5.091
5.563,5.222
5.481,5.353
5.399,5.484
6.249,4.727
6.168,4.859
6.086,4.991
6.005,5.122
5.923,5.254
5.841,5.385
5.759,5.517
4.401,3.576
4.32,3.707
4.239,3.838
4.158,3.968
4.077,4.099
3.995,4.229
3.913,4.36
4.752,3.62
4.672,3.751
4.591,3.882
4.509,4.013
4.428,4.144
4.346,4.275
4.265,4.406
4.183,4.536
4.101,4.667
5.008,3.776
4.927,3.908
4.846,4.039
4.764,4.17
4.683,4.302
4.601,4.433
4.519,4.564
4.437,4.695
4.355,4.826
5.205,4.07
5.124,4.202
5.042,4.333
4.961,4.465
4.879,4.597
4.797,4.728
4.715,4.859
3.36,2.917
3.279,3.048
3.198,3.178
3.117,3.309
3.036,3.439
2.954,3.57
2.872,3.7
3.711,2.961
3.63,3.092
3.549,3.223
3.468,3.354
3.387,3.485
3.305,3.616
3.223,3.746
3.141,3.877
3.059,4.007
3.966,3.117
3.885,3.249
3.804,3.38
3.723,3.512
3.641,3.643
3.559,3.774
3.477,3.905
3.395,4.036
3.313,4.166
4.163,3.411
4.082,3.543
4.0,3.675
3.918,3.806
3.836,3.938
3.754,4.069
3.672,4.2
7.647,4.17
7.568,4.302
7.489,4.434
7.409,4.566
7.329,4.697
7.249,4.829
7.169,4.96
7.999,4.209
7.92,4.342
7.841,4.474
7.761,4.606
7.681,4.738
7.601,4.87
7.521,5.002
7.441,5.133
7.36,5.265
8.257,4.363
8.178,4.495
8.098,4.628
8.018,4.76
7.938,4.892
7.858,5.025
7.778,5.157
7.697,5.289
7.617,5.42
8.458,4.654
8.378,4.787
8.298,4.92
8.218,5.052
8.138,5.185
8.058,5.317
7.977,5.449
6.596,3.527
6.516,3.659
6.437,3.79
6.357,3.922
6.277,4.053
6.197,4.185
6.117,4.316
6.948,3.567
6.868,3.699
6.789,3.831
6.709,3.963
6.629,4.095
6.549,4.226
6.469,4.358
6.388,4.49
6.308,4.621
7.205,3.72
7.125,3.853
7.045,3.985
6.966,4.117
6.886,4.25
6.805,4.382
6.725,4.514
6.644,4.645
6.564,4.777
7.405,4.012
7.325,4.145
7.245,4.277
7.165,4.41
7.085,4.542
7.004,4.674
6.924,4.806
5.552,2.873
5.472,3.004
5.393,3.136
5.313,3.267
5.233,3.399
5.153,3.53
5.072,3.661
5.903,2.913
5.824,3.045
5.744,3.177
5.664,3.309
5.584,3.44
5.504,3.572
5.424,3.704
5.343,3.835
5.263,3.966
6.16,3.067
6.08,3.199
6.001,3.331
5.921,3.463
5.841,3.595
5.76,3.727
5.68,3.859
5.599,3.991
5.518,4.123
6.36,3.358
6.28,3.491
6.2,3.624
6.12,3.756
6.039,3.888
5.959,4.02
5.878,4.153
4.511,2.214
4.431,2.346
4.352,2.477
4.272,2.609
4.192,2.74
4.112,2.871
4.031,3.002
4.862,2.254
4.783,2.386
4.703,2.518
4.623,2.65
4.543,2.782
4.463,2.913
4.382,3.045
4.302,3.176
4.221,3.308
5.119,2.409
5.039,2.541
4.959,2.673
4.879,2.805
4.799,2.937
4.719,3.069
4.638,3.201
4.557,3.333
4.476,3.464
5.318,2.701
5.238,2.833
5.158,2.966
5.078,3.098
4.997,3.23
4.916,3.362
4.836,3.494
3.471,1.555
3.391,1.687
3.311,1.818
3.232,1.95
3.152,2.081
3.071,2.212
2.991,2.343
3.822,1.596
3.742,1.728
3.662,1.859
3.583,1.991
3.503,2.123
3.422,2.254
3.342,2.386
3.261,2.517
3.18,2.648
4.078,1.75
3.998,1.882
3.919,2.014
3.838,2.146
3.758,2.278
3.678,2.41
3.597,2.542
3.516,2.674
3.435,2.805
4.278,2.042
4.197,2.175
4.117,2.307
4.037,2.439
3.956,2.572
3.875,2.704
3.794,2.836
7.741,2.808
7.663,2.94
7.585,3.073
7.506,3.205
7.428,3.337
7.349,3.469
7.27,3.601
8.093,2.844
8.015,2.977
7.937,3.11
7.858,3.243
7.78,3.375
7.701,3.508
7.622,3.64
7.543,3.772
7.463,3.905
8.351,2.996
8.273,3.129
8.195,3.262
8.116,3.395
8.037,3.528
7.958,3.66
7.879,3.793
7.8,3.926
7.721,4.058
8.554,3.285
8.476,3.419
8.397,3.552
8.318,3.685
8.239,3.818
8.16,3.951
8.081,4.084
6.69,2.167
6.612,2.299
6.533,2.431
6.455,2.564
6.376,2.696
6.297,2.828
6.218,2.96
7.041,2.203
6.963,2.336
6.885,2.469
6.806,2.601
6.728,2.734
6.649,2.866
6.57,2.999
6.491,3.131
6.411,3.263
7.299,2.355
7.221,2.488
7.143,2.621
7.064,2.754
6.985,2.887
6.906,3.019
6.827,3.152
6.748,3.285
6.668,3.417
7.502,2.645
7.423,2.778
7.345,2.911
7.266,3.044
7.186,3.178
7.107,3.31
7.028,3.443
5.647,1.512
5.569,1.644
5.49,1.776
5.412,1.908
5.333,2.04
5.254,2.172
5.175,2.304
5.998,1.548
5.92,1.681
5.842,1.814
5.763,1.946
5.685,2.079
5.606,2.211
5.527,2.344
5.447,2.476
5.368,2.608
6.256,1.7
6.178,1.833
6.099,1.966
6.021,2.099
5.942,2.232
5.863,2.364
5.784,2.497
5.704,2.63
5.625,2.762
6.459,1.99
6.38,2.123
6.301,2.257
6.222,2.39
6.143,2.523
6.063,2.656
5.984,2.788
4.606,0.853
4.528,0.986
4.45,1.118
4.371,1.25
4.293,1.382
4.214,1.514
4.135,1.646
4.958,0.89
4.88,1.023
4.801,1.155
4.723,1.288
4.644,1.42
4.565,1.553
4.486,1.685
4.407,1.817
4.327,1.949
5.216,1.042
5.137,1.175
5.059,1.308
4.98,1.44
4.901,1.573
4.822,1.706
4.743,1.838
4.663,1.971
4.584,2.103
5.418,1.332
5.339,1.465
5.26,1.598
5.181,1.731
5.102,1.864
5.023,1.997
4.943,2.13
7.823,1.446
7.746,1.579
7.669,1.712
7.592,1.845
7.514,1.978
7.437,2.11
7.359,2.243
8.175,1.479
8.098,1.613
8.021,1.746
7.944,1.879
7.866,2.013
7.789,2.146
7.711,2.279
7.633,2.412
7.555,2.545
8.434,1.628
8.357,1.762
8.28,1.896
8.203,2.03
8.125,2.163
8.047,2.296
7.969,2.43
7.891,2.563
7.813,2.696
8.639,1.917
8.562,2.051
8.484,2.185
8.407,2.318
8.329,2.452
8.251,2.586
8.173,2.719
6.773,0.804
6.696,0.937
6.619,1.07
6.542,1.202
6.464,1.335
6.386,1.468
6.309,1.601
7.125,0.837
7.048,0.97
6.971,1.104
6.893,1.237
6.816,1.37
6.738,1.503
6.66,1.636
6.582,1.769
6.504,1.902
7.384,0.986
7.307,1.12
7.229,1.254
7.152,1.387
7.074,1.521
6.997,1.654
6.919,1.788
6.841,1.921
6.762,2.054
7.589,1.275
7.511,1.409
7.434,1.542
7.356,1.676
7.278,1.81
7.2,1.944
7.122,2.077
5.73,0.148
5.653,0.281
5.576,0.414
5.499,0.547
5.422,0.68
5.344,0.812
5.266,0.945
6.082,0.181
6.005,0.315
5.928,0.448
5.851,0.582
5.773,0.715
5.696,0.848
5.618,0.981
5.54,1.114
5.462,1.247
6.341,0.331
6.264,0.465
6.187,0.598
6.109,0.732
6.032,0.865
5.954,0.999
5.876,1.132
5.798,1.265
5.72,1.398
6.546,0.619
6.469,0.753
6.391,0.887
6.313,1.021
6.235,1.154
6.157,1.288
6.079,1.422
4.092,-1.17
4.015,-1.037
3.938,-0.904
3.861,-0.771
3.784,-0.638
3.707,-0.505
3.63,-0.372
4.443,-1.138
4.367,-1.004
4.29,-0.87
4.213,-0.737
4.136,-0.603
4.059,-0.47
3.981,-0.337
3.904,-0.204
3.826,-0.071
4.703,-0.989
4.626,-0.855
4.549,-0.721
4.472,-0.587
4.395,-0.454
4.318,-0.32
4.24,-0.187
4.162,-0.053
4.084,0.08
4.909,-0.701
4.832,-0.567
4.754,-0.433
4.677,-0.299
4.599,-0.165
4.521,-0.031
4.443,0.103
3.026,-1.786
2.95,-1.653
2.873,-1.52
2.796,-1.387
2.719,-1.254
2.642,-1.121
2.565,-0.988
3.378,-1.754
3.301,-1.62
3.225,-1.487
3.148,-1.353
3.071,-1.22
2.994,-1.086
2.916,-0.953
2.839,-0.82
2.761,-0.687
3.638,-1.605
3.561,-1.471
3.484,-1.338
3.407,-1.204
3.33,-1.07
3.252,-0.936
3.175,-0.803
3.097,-0.669
3.019,-0.536
3.844,-1.318
3.766,-1.184
3.689,-1.049
3.612,-0.915
3.534,-0.781
3.456,-0.647
3.378,-0.514
4.156,-2.531
4.081,-2.397
4.005,-2.264
3.93,-2.13
3.854,-1.996
3.778,-1.862
3.702,-1.729
4.508,-2.503
4.433,-2.368
4.358,-2.234
4.282,-2.1
4.206,-1.965
4.13,-1.831
4.054,-1.697
3.978,-1.564
3.902,-1.43
4.77,-2.357
4.694,-2.222
4.619,-2.087
4.543,-1.953
4.467,-1.818
4.391,-1.684
4.314,-1.55
4.238,-1.415
4.161,-1.281
4.978,-2.071
4.902,-1.936
4.826,-1.801
4.75,-1.666
4.674,-1.532
4.597,-1.397
4.521,-1.262
2.949,-0.428
2.872,-0.295
2.793,-0.163
2.715,-0.031
2.637,0.101
2.558,0.233
2.48,0.365
3.301,-0.392
3.223,-0.259
3.145,-0.126
3.067,0.007
2.988,0.139
2.909,0.272
2.831,0.404
2.752,0.536
2.673,0.668
3.559,-0.241
3.481,-0.107
3.403,0.026
3.324,0.159
3.245,0.292
3.167,0.424
3.088,0.557
3.008,0.69
2.929,0.822
3.762,0.049
3.683,0.183
3.604,0.316
3.526,0.449
3.447,0.582
3.367,0.716
3.288,0.848
1.799,0.303
1.72,0.435
1.64,0.566
1.561,0.697
1.481,0.829
1.401,0.96
1.321,1.091
2.15,0.343
2.071,0.475
1.991,0.607
1.912,0.739
1.832,0.87
1.752,1.002
1.671,1.133
1.591,1.265
1.51,1.396
2.407,0.497
2.327,0.629
2.248,0.761
2.168,0.894
2.088,1.026
2.007,1.158
1.927,1.289
1.846,1.421
1.765,1.553
2.606,0.789
2.526,0.921
2.446,1.054
2.366,1.186
2.286,1.319
2.205,1.451
2.124,1.583
0.732,-0.311
0.653,-0.179
0.574,-0.048
0.494,0.083
0.414,0.215
0.334,0.346
0.254,0.477
1.083,-0.271
1.004,-0.139
0.924,-0.007
0.845,0.125
0.765,0.257
0.685,0.388
0.604,0.52
0.524,0.651
0.443,0.782
1.34,-0.117
1.26,0.016
1.18,0.148
1.101,0.28
1.02,0.412
0.94,0.544
0.86,0.676
0.779,0.807
0.698,0.939
1.539,0.175
1.459,0.308
1.379,0.44
1.299,0.573
1.218,0.705
1.137,0.837
1.056,0.969
-0.33,-0.931
-0.41,-0.8
-0.489,-0.668
-0.569,-0.537
-0.649,-0.406
-0.729,-0.275
-0.809,-0.144
0.021,-0.891
-0.059,-0.759
-0.138,-0.627
-0.218,-0.496
-0.298,-0.364
-0.378,-0.233
-0.459,-0.101
-0.539,0.03
-0.62,0.161
0.277,-0.737
0.198,-0.605
0.118,-0.473
0.038,-0.341
-0.042,-0.209
-0.123,-0.077
-0.203,0.055
-0.284,0.187
-0.365,0.318
0.477,-0.445
0.397,-0.313
0.316,-0.18
0.236,-0.048
0.155,0.085
0.074,0.217
-0.007,0.349
-1.397,-1.546
-1.476,-1.415
-1.556,-1.283
-1.635,-1.152
-1.715,-1.021
-1.795,-0.89
-1.876,-0.759
-1.046,-1.506
-1.125,-1.374
-1.205,-1.242
-1.284,-1.111
-1.364,-0.979
-1.445,-0.847
-1.525,-0.716
-1.606,-0.585
-1.686,-0.454
-0.789,-1.352
-0.869,-1.22
-0.949,-1.088
-1.029,-0.955
-1.109,-0.823
-1.189,-0.692
-1.27,-0.56
-1.351,-0.428
-1.432,-0.297
-0.59,-1.06
-0.67,-0.928
-0.75,-0.795
-0.831,-0.663
-0.911,-0.53
-0.992,-0.398
-1.073,-0.266
1.693,1.659
1.613,1.79
1.532,1.921
1.451,2.051
1.369,2.182
1.288,2.312
1.206,2.442
2.044,1.703
1.963,1.834
1.882,1.965
1.801,2.096
1.72,2.227
1.638,2.358
1.557,2.488
1.475,2.619
1.393,2.749
2.299,1.86
2.218,1.991
2.137,2.123
2.056,2.254
1.974,2.385
1.892,2.516
1.81,2.647
1.728,2.778
1.646,2.909
2.496,2.154
2.414,2.285
2.333,2.417
2.251,2.549
2.169,2.68
2.087,2.812
2.005,2.943
-1.049,1.402
-1.131,1.531
-1.214,1.661
-1.297,1.79
-1.38,1.919
-1.463,2.048
-1.546,2.177
-0.699,1.45
-0.781,1.58
-0.864,1.71
-0.947,1.84
-1.03,1.97
-1.113,2.099
-1.196,2.229
-1.28,2.358
-1.364,2.487
-0.446,1.61
-0.529,1.74
-0.611,1.87
-0.694,2.001
-0.778,2.131
-0.861,2.261
-0.945,2.391
-1.029,2.521
-1.113,2.65
-0.253,1.906
-0.336,2.037
-0.419,2.168
-0.503,2.298
-0.587,2.429
-0.67,2.559
-0.755,2.689
-2.078,0.726
-2.16,0.855
-2.242,0.985
-2.325,1.114
-2.408,1.243
-2.491,1.372
-2.575,1.501
-1.728,0.774
-1.81,0.904
-1.893,1.034
-1.975,1.164
-2.058,1.293
-2.142,1.423
-2.225,1.553
-2.309,1.682
-2.393,1.811
-1.475,0.934
-1.557,1.064
-1.64,1.195
-1.723,1.325
-1.807,1.455
-1.89,1.585
-1.974,1.715
-2.058,1.844
-2.142,1.974
-1.282,1.23
-1.365,1.361
-1.448,1.492
-1.532,1.622
-1.616,1.753
-1.7,1.883
-1.784,2.013
-3.104,0.047
-3.186,0.176
-3.269,0.306
-3.352,0.435
-3.435,0.564
-3.518,0.693
-3.601,0.822
-2.754,0.095
-2.836,0.225
-2.919,0.355
-3.002,0.485
-3.085,0.614
-3.168,0.744
-3.252,0.873
-3.335,1.003
-3.419,1.132
-2.501,0.254
-2.584,0.385
-2.667,0.515
-2.75,0.646
-2.833,0.776
-2.917,0.906
-3.0,1.036
-3.084,1.165
-3.168,1.295
-2.309,0.551
-2.392,0.682
-2.475,0.813
-2.559,0.943
-2.642,1.074
-2.726,1.204
-2.81,1.334
2.108,-7.847
2.037,-7.711
1.967,-7.574
1.896,-7.437
1.825,-7.301
1.754,-7.165
1.682,-7.029
2.464,-7.832
2.393,-7.695
2.323,-7.558
2.252,-7.421
2.181,-7.284
2.109,-7.147
2.038,-7.01
1.966,-6.874
1.894,-6.737
2.733,-7.696
2.662,-7.559
2.591,-7.421
2.52,-7.284
2.449,-7.147
2.377,-7.009
2.305,-6.872
2.233,-6.735
2.161,-6.598
2.954,-7.419
2.883,-7.281
2.811,-7.143
2.74,-7.005
2.668,-6.868
2.596,-6.73
2.524,-6.593
-2.467,-2.155
-2.546,-2.024
-2.626,-1.892
-2.706,-1.761
-2.785,-1.63
-2.865,-1.499
-2.946,-1.368
-2.116,-2.115
-2.195,-1.983
-2.275,-1.851
-2.355,-1.72
-2.435,-1.588
-2.515,-1.457
-2.595,-1.325
-2.676,-1.194
-2.756,-1.063
-1.859,-1.961
-1.939,-1.829
-2.019,-1.697
-2.099,-1.565
-2.179,-1.433
-2.259,-1.301
-2.34,-1.169
-2.421,-1.037
-2.502,-0.906
-1.66,-1.669
-1.74,-1.537
-1.82,-1.404
-1.901,-1.272
-1.981,-1.139
-2.062,-1.007
-2.143,-0.875
-3.534,-2.77
-3.613,-2.639
-3.693,-2.508
-3.772,-2.376
-3.852,-2.245
-3.932,-2.114
-4.012,-1.984
-3.183,-2.731
-3.262,-2.599
-3.341,-2.467
-3.421,-2.335
-3.501,-2.203
-3.581,-2.072
-3.662,-1.941
-3.742,-1.809
-3.823,-1.678
-2.926,-2.577
-3.005,-2.445
-3.085,-2.312
-3.165,-2.18
-3.245,-2.048
-3.326,-1.916
-3.406,-1.784
-3.568,-1.521
-2.726,-2.285
-2.806,-2.152
-2.886,-2.02
-4.692,-2.055
-4.773,-1.924
-4.854,-1.794
-4.935,-1.664
-5.017,-1.534
-5.099,-1.404
-5.181,-1.274
-4.341,-2.01
-4.422,-1.879
-4.504,-1.748
-4.585,-1.618
-4.667,-1.487
-4.749,-1.357
-4.831,-1.226
-4.913,-1.096
-4.996,-0.966
-4.087,-1.853
-4.168,-1.722
-4.249,-1.59
-4.331,-1.459
-4.413,-1.328
-4.495,-1.197
-4.578,-1.067
-4.66,-0.936
-4.743,-0.806
-3.891,-1.559
-3.973,-1.427
-4.055,-1.295
-4.137,-1.164
-4.219,-1.032
-4.302,-0.901
-4.385,-0.77
-3.245,1.404
-3.329,1.532
-3.414,1.66
-3.498,1.789
-3.583,1.917
-3.668,2.045
-3.753,2.172
-2.896,1.456
-2.98,1.585
-3.064,1.714
-3.149,1.843
-3.234,1.972
-3.319,2.1
-3.404,2.228
-3.489,2.357
-3.575,2.485
-2.645,1.619
-2.729,1.749
-2.814,1.878
-2.899,2.007
-2.984,2.136
-3.069,2.265
-3.154,2.394
-3.24,2.522
-3.326,2.651
-2.456,1.918
-2.541,2.048
-2.626,2.178
-2.711,2.307
-2.797,2.436
-2.882,2.566
-2.968,2.695
6.357,-2.691
6.283,-2.557
6.209,-2.422
6.134,-2.288
6.06,-2.153
5.985,-2.019
5.91,-1.885
6.71,-2.666
6.636,-2.53
6.561,-2.395
6.487,-2.261
6.412,-2.126
6.337,-1.991
6.263,-1.856
6.188,-1.722
6.112,-1.587
6.972,-2.522
6.898,-2.386
6.824,-2.251
6.749,-2.116
6.674,-1.981
6.599,-1.846
6.524,-1.711
6.449,-1.576
6.373,-1.441
7.183,-2.238
7.109,-2.102
7.034,-1.967
6.959,-1.831
6.884,-1.696
6.808,-1.561
6.733,-1.425
5.228,-1.926
5.153,-1.792
5.077,-1.658
5.002,-1.524
4.926,-1.391
4.85,-1.257
4.774,-1.123
5.58,-1.897
5.505,-1.762
5.429,-1.628
5.354,-1.494
5.278,-1.36
5.202,-1.226
5.126,-1.092
5.05,-0.958
4.973,-0.824
5.841,-1.751
5.766,-1.616
5.69,-1.481
5.614,-1.347
5.538,-1.212
5.462,-1.078
5.386,-0.944
5.309,-0.81
5.233,-0.676
6.05,-1.465
5.974,-1.33
5.898,-1.195
5.822,-1.06
5.745,-0.926
5.669,-0.791
5.592,-0.657
1.065,4.212
0.982,4.341
0.898,4.47
0.813,4.598
0.729,4.727
0.644,4.855
0.56,4.984
1.416,4.263
1.332,4.393
1.248,4.522
1.164,4.651
1.079,4.78
0.995,4.909
0.91,5.038
0.825,5.167
0.74,5.295
1.668,4.425
1.584,4.555
1.5,4.685
1.415,4.814
1.331,4.944
1.246,5.073
1.161,5.202
1.076,5.331
0.991,5.46
1.859,4.723
1.774,4.853
1.69,4.983
1.605,5.113
1.52,5.243
1.435,5.372
1.35,5.502
0.031,3.542
-0.053,3.671
-0.137,3.799
-0.221,3.928
-0.306,4.056
-0.39,4.184
-0.475,4.313
0.381,3.593
0.297,3.723
0.213,3.852
0.129,3.981
0.044,4.11
-0.04,4.239
-0.125,4.367
-0.21,4.496
-0.296,4.624
0.633,3.756
0.549,3.886
0.464,4.015
0.38,4.144
0.295,4.274
0.21,4.403
0.125,4.532
0.04,4.661
-0.046,4.79
0.823,4.054
0.739,4.184
0.654,4.314
0.569,4.444
0.484,4.573
0.399,4.703
0.313,4.832
1.202,2.857
1.12,2.987
1.037,3.117
0.955,3.246
0.872,3.376
0.789,3.505
0.705,3.634
1.553,2.905
1.47,3.035
1.388,3.165
1.305,3.295
1.222,3.425
1.139,3.555
1.056,3.685
0.972,3.814
0.889,3.944
1.806,3.064
1.724,3.195
1.641,3.325
1.558,3.456
1.475,3.586
1.391,3.716
1.308,3.846
1.224,3.976
1.14,4.106
2.0,3.36
1.917,3.491
1.834,3.622
1.75,3.753
1.667,3.883
1.583,4.014
1.499,4.144
-4.279,0.735
-4.363,0.863
-4.447,0.992
-4.531,1.12
-4.616,1.248
-4.701,1.376
-4.786,1.503
-3.929,0.788
-4.013,0.917
-4.098,1.045
-4.182,1.174
-4.267,1.303
-4.352,1.431
-4.437,1.559
-4.523,1.688
-4.608,1.816
-3.679,0.951
-3.763,1.08
-3.848,1.209
-3.932,1.339
-4.017,1.468
-4.103,1.596
-4.188,1.725
-4.274,1.854
-4.36,1.982
-3.49,1.25
-3.575,1.38
-3.66,1.509
-3.745,1.639
-3.831,1.768
-3.916,1.897
-4.002,2.026
-5.886,-1.313
-5.969,-1.184
-6.052,-1.055
-6.135,-0.926
-6.218,-0.797
-6.302,-0.668
-6.386,-0.54
-5.536,-1.263
-5.619,-1.134
-5.702,-1.004
-5.785,-0.874
-5.869,-0.745
-5.952,-0.616
-6.036,-0.487
-6.121,-0.358
-6.205,-0.229
-5.284,-1.103
-5.367,-0.972
-5.45,-0.842
-5.534,-0.712
-5.618,-0.583
-5.702,-0.453
-5.786,-0.323
-5.87,-0.194
-5.955,-0.065
-5.092,-0.805
-5.176,-0.675
-5.26,-0.544
-5.344,-0.414
-5.428,-0.284
-5.513,-0.154
-5.598,-0.024
-8.055,-2.496
-8.138,-2.367
-8.221,-2.238
-8.304,-2.109
-8.388,-1.981
-8.472,-1.852
-8.556,-1.724
-7.705,-2.446
-7.788,-2.316
-7.871,-2.187
-7.955,-2.058
-8.039,-1.928
-8.123,-1.799
-8.207,-1.67
-8.291,-1.542
-8.376,-1.413
-7.453,-2.285
-7.536,-2.155
-7.62,-2.025
-7.703,-1.895
-7.787,-1.765
-7.872,-1.636
-7.956,-1.507
-8.041,-1.377
-8.126,-1.248
-7.261,-1.988
-7.345,-1.857
-7.429,-1.727
-7.514,-1.597
-7.599,-1.466
-7.683,-1.337
-7.769,-1.207
0.625,1.047
0.544,1.177
0.463,1.308
0.382,1.438
0.301,1.569
0.219,1.699
0.137,1.829
0.976,1.091
0.895,1.222
0.814,1.353
0.733,1.484
0.651,1.614
0.57,1.745
0.488,1.876
0.406,2.006
0.323,2.136
1.231,1.247
1.149,1.379
1.068,1.51
0.987,1.642
0.905,1.773
0.823,1.904
0.741,2.035
0.659,2.165
0.577,2.296
1.427,1.542
1.345,1.673
1.264,1.805
1.182,1.937
1.1,2.068
1.018,2.199
0.935,2.33
-0.436,0.423
-0.517,0.554
-0.598,0.684
-0.679,0.815
-0.761,0.945
-0.843,1.075
-0.924,1.205
-0.086,0.468
-0.167,0.599
-0.248,0.73
-0.329,0.86
-0.411,0.991
-0.492,1.122
-0.574,1.252
-0.656,1.382
-0.739,1.513
0.169,0.624
0.088,0.756
0.006,0.887
-0.075,1.018
-0.157,1.149
-0.239,1.28
-0.321,1.411
-0.403,1.542
-0.486,1.673
0.365,0.919
0.283,1.051
0.202,1.182
0.12,1.314
0.038,1.445
-0.045,1.576
-0.127,1.707
-1.503,-0.192
-1.584,-0.061
-1.665,0.069
-1.746,0.199
-1.828,0.329
-1.909,0.459
-1.991,0.589
-1.152,-0.147
-1.233,-0.016
-1.314,0.114
-1.396,0.245
-1.477,0.376
-1.559,0.506
-1.641,0.637
-1.723,0.767
-1.806,0.897
-0.898,0.01
-0.979,0.141
-1.06,0.272
-1.142,0.403
-1.224,0.534
-1.306,0.665
-1.388,0.796
-1.47,0.927
-1.553,1.057
-0.702,0.304
-0.783,0.436
-0.865,0.567
-0.947,0.699
-1.03,0.83
-1.112,0.961
-1.195,1.092
-7.93,-3.845
-8.011,-3.715
-8.092,-3.585
-8.173,-3.455
-8.255,-3.325
-8.337,-3.195
-8.419,-3.066
-7.579,-3.801
-7.66,-3.67
-7.741,-3.539
-7.822,-3.408
-7.904,-3.278
-7.986,-3.148
-8.068,-3.017
-8.151,-2.887
-8.234,-2.757
-7.323,-3.644
-7.405,-3.513
-7.486,-3.381
-7.568,-3.25
-7.65,-3.119
-7.733,-2.988
-7.815,-2.857
-7.898,-2.727
-7.981,-2.597
-7.127,-3.35
-7.209,-3.218
-7.291,-3.086
-7.374,-2.954
-7.456,-2.823
-7.539,-2.692
-7.623,-2.561
2.857,0.932
2.778,1.064
2.698,1.195
2.619,1.326
2.539,1.458
2.459,1.589
2.379,1.72
3.208,0.972
3.129,1.104
3.049,1.236
2.97,1.368
2.89,1.499
2.81,1.631
2.73,1.763
2.649,1.894
2.569,2.025
3.465,1.126
3.385,1.258
3.305,1.39
3.226,1.522
3.146,1.655
3.065,1.787
2.985,1.918
2.904,2.05
2.824,2.182
3.664,1.417
3.585,1.55
3.504,1.683
3.424,1.815
3.344,1.947
3.263,2.08
3.182,2.212
4.189,-12.096
4.124,-11.956
4.059,-11.817
3.993,-11.677
3.927,-11.538
3.861,-11.399
3.795,-11.26
4.551,-12.096
4.485,-11.956
4.42,-11.816
4.354,-11.676
4.288,-11.536
4.222,-11.396
4.156,-11.257
4.089,-11.117
4.023,-10.978
4.829,-11.972
4.763,-11.831
4.697,-11.691
4.631,-11.551
4.565,-11.41
4.498,-11.27
4.432,-11.13
4.365,-10.99
4.298,-10.851
5.064,-11.703
4.998,-11.563
4.932,-11.422
4.865,-11.282
4.799,-11.141
4.732,-11.001
4.665,-10.86
5.24,-12.873
5.176,-12.732
5.111,-12.592
5.047,-12.453
4.982,-12.313
4.917,-12.173
4.852,-12.033
5.603,-12.875
5.538,-12.735
5.473,-12.594
5.408,-12.454
5.343,-12.313
5.278,-12.173
5.213,-12.033
5.148,-11.893
5.082,-11.753
5.883,-12.753
5.818,-12.612
5.753,-12.471
5.688,-12.33
5.622,-12.19
5.557,-12.049
5.491,-11.909
5.425,-11.768
5.359,-11.628
6.121,-12.487
6.056,-12.345
5.99,-12.204
5.924,-12.063
5.859,-11.922
5.793,-11.781
5.727,-11.641
4.125,-13.459
4.061,-13.318
3.997,-13.178
3.933,-13.038
3.869,-12.898
3.805,-12.758
3.74,-12.618
4.488,-13.463
4.424,-13.323
4.36,-13.182
4.296,-13.041
4.231,-12.9
4.167,-12.76
4.102,-12.619
4.037,-12.479
3.972,-12.339
4.769,-13.343
4.705,-13.201
4.641,-13.06
4.576,-12.919
4.511,-12.778
4.446,-12.637
4.381,-12.496
4.316,-12.356
4.251,-12.215
5.01,-13.077
4.945,-12.936
4.88,-12.794
4.815,-12.653
4.75,-12.512
4.684,-12.37
4.619,-12.229
5.172,-14.252
5.11,-14.111
5.047,-13.97
4.983,-13.83
4.92,-13.689
4.857,-13.548
4.793,-13.408
5.537,-14.259
5.474,-14.118
5.411,-13.977
5.347,-13.835
5.284,-13.694
5.22,-13.553
5.156,-13.412
5.092,-13.271
5.028,-13.131
5.82,-14.14
5.757,-13.999
5.693,-13.857
5.629,-13.716
5.566,-13.574
5.502,-13.433
5.437,-13.291
5.373,-13.15
5.309,-13.009
6.063,-13.877
5.999,-13.735
5.935,-13.593
5.871,-13.451
5.807,-13.309
5.742,-13.168
5.678,-13.026
6.21,-15.036
6.148,-14.895
6.086,-14.754
6.024,-14.612
5.961,-14.471
5.899,-14.33
5.836,-14.189
6.576,-15.046
6.514,-14.904
6.451,-14.762
6.389,-14.621
6.326,-14.479
6.263,-14.338
6.2,-14.196
6.137,-14.055
6.074,-13.914
6.861,-14.929
6.798,-14.787
6.736,-14.645
6.673,-14.503
6.61,-14.361
6.547,-14.219
6.483,-14.077
6.42,-13.936
6.356,-13.794
7.107,-14.667
7.044,-14.525
6.981,-14.382
6.917,-14.24
6.854,-14.098
6.79,-13.956
6.726,-13.814
5.078,-15.613
5.016,-15.472
4.955,-15.33
4.893,-15.188
4.832,-15.047
4.77,-14.906
4.708,-14.764
5.444,-15.625
5.383,-15.483
5.321,-15.341
5.259,-15.199
5.197,-15.057
5.135,-14.915
5.073,-14.773
5.011,-14.632
4.948,-14.49
5.731,-15.51
5.669,-15.367
5.607,-15.225
5.545,-15.083
5.483,-14.94
5.42,-14.798
5.357,-14.656
5.295,-14.514
5.232,-14.372
5.979,-15.25
5.917,-15.107
5.854,-14.964
5.792,-14.821
5.729,-14.679
5.666,-14.536
5.603,-14.394
6.119,-16.427
6.058,-16.285
5.998,-16.143
5.937,-16.001
5.876,-15.859
5.815,-15.717
5.753,-15.576
6.487,-16.441
6.426,-16.299
6.365,-16.156
6.304,-16.014
6.243,-15.872
6.182,-15.729
6.12,-15.587
6.058,-15.445
5.997,-15.303
6.775,-16.328
6.714,-16.185
6.653,-16.042
6.592,-15.9
6.53,-15.757
6.468,-15.614
6.406,-15.472
6.345,-15.329
6.282,-15.187
7.026,-16.07
6.965,-15.926
6.903,-15.783
6.841,-15.64
6.779,-15.497
6.717,-15.354
6.654,-15.211
2.323,2.254
2.242,2.384
2.161,2.515
2.079,2.645
1.998,2.776
1.916,2.906
1.834,3.036
2.673,2.298
2.592,2.429
2.511,2.56
2.43,2.691
2.348,2.821
2.267,2.952
2.185,3.083
2.103,3.213
2.021,3.343
2.928,2.454
2.847,2.586
2.766,2.717
2.684,2.848
2.603,2.98
2.521,3.111
2.439,3.242
2.356,3.372
2.274,3.503
3.125,2.749
3.043,2.88
2.962,3.012
2.88,3.143
2.798,3.275
2.715,3.406
2.633,3.537
2.197,3.615
2.114,3.745
2.032,3.875
1.949,4.004
1.866,4.134
1.783,4.263
1.7,4.392
2.548,3.663
2.465,3.793
2.383,3.923
2.3,4.053
2.217,4.183
2.134,4.313
2.05,4.443
1.967,4.572
1.883,4.702
2.801,3.822
2.719,3.953
2.636,4.083
2.553,4.214
2.47,4.344
2.386,4.474
2.303,4.604
2.219,4.734
2.135,4.864
2.995,4.118
2.912,4.249
2.829,4.38
2.746,4.511
2.662,4.641
2.578,4.772
2.495,4.902
7.456,-2.135
7.382,-2.001
7.308,-1.866
7.234,-1.732
7.159,-1.597
7.084,-1.463
7.01,-1.329
7.809,-2.109
7.735,-1.974
7.661,-1.839
7.586,-1.704
7.511,-1.57
7.437,-1.435
7.362,-1.3
7.287,-1.166
7.212,-1.031
8.072,-1.965
7.997,-1.83
7.923,-1.695
7.848,-1.56
7.773,-1.425
7.698,-1.29
7.623,-1.155
7.548,-1.02
7.473,-0.885
8.282,-1.682
8.208,-1.546
8.133,-1.41
8.058,-1.275
7.983,-1.14
7.907,-1.004
7.832,-0.869
